campus_name,campus_location,public,private,doctoral,masters,baccalaureate,community,residential,nonresidential,liberal_arts,technical,religious,military,hbcu,hispanic_serving,aapi_serving,other_minority_serving
"University of Maryland, College Park","College Park, MD",TRUE,NA,TRUE,NA,NA,NA,TRUE,NA,NA,NA,NA,NA,NA,NA,TRUE,NA
University of Michigan-Dearborn,"Dearborn, MI",TRUE,NA,TRUE,TRUE,TRUE,NA,NA,TRUE,NA,NA,NA,NA,NA,NA,NA,NA
SUNY Westchester Community College,"Valhalla, NY",TRUE,NA,NA,NA,NA,TRUE,NA,TRUE,NA,NA,NA,NA,NA,TRUE,NA,NA
University at Buffalo,"Buffalo, NY",TRUE,NA,TRUE,TRUE,TRUE,NA,TRUE,NA,NA,NA,NA,NA,NA,NA,NA,NA
Slippery Rock University,"Slippery Rock, PA",TRUE,NA,TRUE,TRUE,TRUE,NA,TRUE,NA,TRUE,NA,NA,NA,NA,NA,NA,NA
Emory University,"Atlanta, GA",NA,TRUE,TRUE,NA,NA,NA,TRUE,NA,TRUE,NA,TRUE,NA,NA,NA,NA,NA
Washington State University,"Pullman, WA",TRUE,NA,TRUE,NA,NA,NA,TRUE,NA,NA,NA,NA,NA,NA,NA,NA,NA
Davidson College,"Davidson, NC",NA,TRUE,NA,NA,TRUE,NA,TRUE,NA,TRUE,NA,NA,NA,NA,NA,NA,NA
Virginia Commonwealth University,"Richmond, VA",TRUE,NA,TRUE,TRUE,TRUE,NA,TRUE,NA,NA,NA,NA,NA,NA,NA,NA,NA
Northern Arizona University,"Flagstaff, AZ",TRUE,NA,TRUE,TRUE,TRUE,NA,TRUE,TRUE,NA,NA,NA,NA,NA,TRUE,NA,NA
"California State University, Long Beach or Long Beach State","Long Beach, CA",TRUE,NA,TRUE,TRUE,TRUE,NA,TRUE,TRUE,NA,NA,NA,NA,NA,TRUE,NA,NA
University of La Verne,"La Verne, CA",NA,TRUE,TRUE,TRUE,TRUE,NA,TRUE,NA,NA,NA,NA,NA,NA,TRUE,NA,NA
"Rutgers, The State University of New Jersey-New Brunswick","New Brunswick, NJ",TRUE,NA,TRUE,TRUE,TRUE,NA,TRUE,NA,NA,NA,NA,NA,NA,NA,NA,NA
Gettysburg College,"Gettysburg, PA",NA,TRUE,NA,NA,TRUE,NA,TRUE,NA,TRUE,NA,NA,NA,NA,NA,NA,NA
Northern Illinois University,"DeKalb, IL",TRUE,NA,TRUE,TRUE,TRUE,NA,TRUE,NA,NA,NA,NA,NA,NA,NA,NA,NA
Trinity College,"Hartford, CT",NA,TRUE,NA,TRUE,TRUE,NA,TRUE,NA,TRUE,NA,NA,NA,NA,NA,NA,NA
Augsburg University,"Minneapolis, MN",NA,TRUE,TRUE,TRUE,TRUE,NA,TRUE,NA,TRUE,NA,TRUE,NA,NA,NA,NA,NA
Ithaca College,"Ithaca, NY",NA,TRUE,NA,TRUE,TRUE,NA,TRUE,NA,TRUE,NA,NA,NA,NA,NA,NA,NA
Portland State University,"Portland, OR",TRUE,NA,TRUE,NA,NA,NA,TRUE,TRUE,NA,NA,NA,NA,NA,TRUE,NA,NA
Northwestern University,"Evanston, IL",NA,TRUE,TRUE,NA,NA,NA,TRUE,NA,NA,NA,NA,NA,NA,NA,NA,NA
University of Colorado at Boulder,"Boulder, CO",TRUE,NA,TRUE,TRUE,TRUE,NA,TRUE,NA,NA,NA,NA,NA,NA,NA,NA,NA
Northeastern Illinois University,"Chicago, IL",TRUE,NA,NA,TRUE,TRUE,NA,NA,TRUE,NA,NA,NA,NA,NA,TRUE,NA,NA
Elon University,"Elon, NC",NA,TRUE,NA,TRUE,TRUE,NA,TRUE,NA,TRUE,NA,NA,NA,NA,NA,NA,NA
Bridgewater State University,"Bridgewater, MA",TRUE,NA,NA,TRUE,TRUE,NA,TRUE,NA,TRUE,NA,NA,NA,NA,NA,NA,NA
New Mexico State University,"Las Cruces, NM",TRUE,NA,TRUE,TRUE,TRUE,NA,TRUE,NA,NA,NA,NA,NA,NA,TRUE,NA,NA
University of Richmond,"Richmond, VA",NA,TRUE,NA,TRUE,TRUE,NA,TRUE,NA,TRUE,NA,NA,NA,NA,NA,NA,NA
Tufts University,"Medford, MA",NA,TRUE,TRUE,NA,NA,NA,TRUE,NA,NA,NA,NA,NA,NA,NA,NA,NA
University of Nebraska at Omaha,"Omaha, NE",TRUE,NA,TRUE,TRUE,TRUE,NA,TRUE,NA,NA,NA,NA,NA,NA,NA,NA,NA
Youngstown State University,"youngstown, OH",TRUE,NA,NA,TRUE,NA,NA,TRUE,TRUE,NA,NA,NA,NA,NA,NA,NA,NA
"University of Massachusetts, Amherst","Amherst, MA",NA,NA,TRUE,NA,NA,NA,NA,NA,NA,NA,NA,NA,NA,NA,NA,NA
West Virginia University,"Morgantown, WV",TRUE,NA,TRUE,TRUE,TRUE,NA,TRUE,NA,NA,NA,NA,NA,NA,NA,NA,NA
Virginia State University,"Virginia State University, VA",TRUE,NA,TRUE,TRUE,TRUE,NA,TRUE,NA,NA,NA,NA,NA,TRUE,NA,NA,NA
Kansas State University,"Manhattan, KS",TRUE,NA,TRUE,TRUE,TRUE,NA,TRUE,NA,NA,NA,NA,NA,NA,NA,NA,NA
Bentley University,"Waltham, MA",NA,TRUE,TRUE,TRUE,TRUE,NA,TRUE,NA,NA,NA,NA,NA,NA,NA,NA,NA
Knox College,"Galesburg, IL",NA,TRUE,NA,NA,NA,NA,TRUE,NA,TRUE,NA,NA,NA,NA,NA,NA,NA
Oakland University,"Rochester, MI",TRUE,NA,TRUE,TRUE,TRUE,NA,TRUE,NA,NA,NA,NA,NA,NA,NA,NA,NA
Union College,"Schenectady, NY",NA,TRUE,NA,NA,TRUE,NA,TRUE,NA,TRUE,NA,NA,NA,NA,NA,NA,NA
Montana State University-Bozeman,"Bozeman, MT",TRUE,NA,TRUE,TRUE,TRUE,NA,NA,NA,NA,NA,NA,NA,NA,NA,NA,NA
Syracuse University,"Syracuse, NY",NA,TRUE,TRUE,TRUE,TRUE,NA,TRUE,NA,NA,NA,NA,NA,NA,NA,NA,NA
"California State University, Northridge","Northridge, CA",TRUE,NA,TRUE,TRUE,TRUE,NA,TRUE,TRUE,NA,NA,NA,NA,NA,TRUE,TRUE,NA
SUNY Oneonta,"Oneonta, NY, NY",TRUE,NA,NA,NA,NA,NA,NA,NA,NA,NA,NA,NA,NA,NA,NA,NA
Montclair State University,"Montclair, NJ",TRUE,NA,TRUE,TRUE,TRUE,NA,TRUE,TRUE,TRUE,NA,NA,NA,NA,TRUE,NA,NA
University of New Haven,"West Haven, CT",NA,TRUE,NA,TRUE,NA,NA,TRUE,NA,NA,NA,NA,NA,NA,NA,NA,NA
University of Wisconsin,"Madison, WI",TRUE,NA,TRUE,TRUE,TRUE,NA,NA,NA,NA,NA,NA,NA,NA,NA,NA,NA
Lehigh University,"Bethlehem, PA",NA,TRUE,TRUE,TRUE,TRUE,NA,TRUE,NA,NA,NA,NA,NA,NA,NA,NA,NA
George Mason University,"Fairfax, VA",TRUE,NA,TRUE,NA,NA,NA,TRUE,NA,NA,NA,NA,NA,NA,NA,NA,NA
University of Houston,"Houston, TX",TRUE,NA,TRUE,TRUE,TRUE,NA,TRUE,NA,NA,NA,NA,NA,NA,TRUE,NA,NA
William & Mary,"Williamsburg, VA",TRUE,NA,TRUE,NA,NA,NA,TRUE,NA,TRUE,NA,NA,NA,NA,NA,NA,NA
College of Staten Island/CUNY,"Staten Island, NY",TRUE,NA,TRUE,TRUE,TRUE,NA,TRUE,NA,TRUE,NA,NA,NA,NA,NA,NA,NA
Virginia Tech,"Blacksburg, VA",TRUE,NA,TRUE,TRUE,TRUE,NA,TRUE,NA,NA,NA,NA,TRUE,NA,NA,NA,NA
Washington University in St. Louis,"St. Louis, MO",NA,TRUE,TRUE,TRUE,TRUE,NA,TRUE,NA,NA,NA,NA,NA,NA,NA,NA,NA
Eastern Michigan University,"Ypsilanti, MI",TRUE,NA,TRUE,TRUE,TRUE,NA,NA,NA,NA,NA,NA,NA,NA,NA,NA,NA
University of Vermont,"Burlington, VT",TRUE,NA,TRUE,TRUE,TRUE,NA,TRUE,NA,NA,NA,NA,NA,NA,NA,NA,NA
MIT,"Cambridge, MA",NA,TRUE,TRUE,TRUE,TRUE,NA,TRUE,NA,NA,TRUE,NA,NA,NA,NA,NA,NA
"University of Minnesota, Morris","Morris, MN",TRUE,NA,NA,NA,TRUE,NA,TRUE,NA,TRUE,NA,NA,NA,NA,NA,NA,NA
Kalamazoo College,"Kalamazoo, MI",NA,TRUE,NA,NA,NA,NA,TRUE,NA,TRUE,NA,NA,NA,NA,NA,NA,NA
Pace University,"New York, NY",NA,TRUE,TRUE,TRUE,TRUE,NA,TRUE,TRUE,TRUE,NA,NA,NA,NA,NA,NA,NA
"University of Maryland, Baltimore County","Baltimore, MD",TRUE,NA,TRUE,TRUE,TRUE,NA,TRUE,NA,TRUE,NA,NA,NA,NA,NA,NA,NA
The University of Alabama,"Tuscaloosa, AL",TRUE,NA,TRUE,TRUE,TRUE,NA,NA,NA,NA,NA,NA,NA,NA,NA,NA,NA
Michigan State University,"East Lansing, MI",TRUE,NA,TRUE,NA,NA,NA,TRUE,NA,NA,NA,NA,NA,NA,NA,NA,NA
The Evergreen State College,"Olympia, WA",TRUE,NA,NA,TRUE,TRUE,NA,TRUE,NA,TRUE,NA,NA,NA,NA,NA,NA,NA
Napa Valley College,"Napa, CA",NA,NA,NA,NA,NA,TRUE,NA,NA,NA,NA,NA,NA,NA,NA,NA,NA
University of Tennessee,"KNoxville, TN",TRUE,NA,TRUE,NA,NA,NA,TRUE,NA,NA,NA,NA,NA,NA,NA,NA,NA
University of Missouri-Kansas City,"Kansas City, MO",TRUE,NA,TRUE,NA,NA,NA,NA,NA,NA,NA,NA,NA,NA,NA,NA,NA
Clark University,"Worcester, MA",NA,TRUE,TRUE,TRUE,TRUE,NA,TRUE,NA,TRUE,NA,NA,NA,NA,NA,NA,NA
Roger Williams University,"Bristol, RI",NA,TRUE,NA,TRUE,TRUE,NA,TRUE,NA,TRUE,NA,NA,NA,NA,NA,NA,NA
University of Colorado at Colorado Springs,"Colorado Springs, CO",TRUE,NA,TRUE,TRUE,TRUE,NA,TRUE,NA,NA,NA,NA,NA,NA,NA,NA,NA
The Pennsylvania State University,"University Park, PA",NA,NA,TRUE,NA,NA,NA,NA,NA,NA,NA,NA,NA,NA,NA,NA,NA
Emporia State University,"Emporia, KS",TRUE,NA,TRUE,TRUE,TRUE,NA,NA,NA,NA,NA,NA,NA,NA,NA,NA,NA
"Indiana University, Bloomington","Bloomington, IN",TRUE,NA,TRUE,NA,NA,NA,TRUE,NA,NA,NA,NA,NA,NA,NA,NA,NA
Lawrence University,"Appleton, WI",NA,TRUE,NA,NA,TRUE,NA,TRUE,NA,TRUE,NA,NA,NA,NA,NA,NA,NA
Macalester College,"Saint Paul, MN",NA,TRUE,NA,NA,TRUE,NA,TRUE,NA,TRUE,NA,NA,NA,NA,NA,NA,NA
University of Missouri - St. Louis,"Saint Louis, MO",TRUE,NA,TRUE,TRUE,TRUE,NA,NA,TRUE,NA,NA,NA,NA,NA,NA,NA,NA
San Diego State University,"San Diego, CA",TRUE,NA,TRUE,TRUE,TRUE,NA,TRUE,NA,NA,NA,NA,NA,NA,TRUE,NA,NA
Appalachian State University,"Boone, NC",TRUE,NA,NA,TRUE,NA,NA,NA,NA,NA,NA,NA,NA,NA,NA,NA,NA
University of Wisconsin - Superior,"Superior, WI",TRUE,NA,NA,NA,TRUE,NA,NA,NA,NA,NA,NA,NA,NA,NA,NA,NA
Centre College,"Danville, KY",NA,TRUE,NA,NA,TRUE,NA,TRUE,NA,TRUE,NA,NA,NA,NA,NA,NA,NA
University of Wisconsin - Eau Claire,"Eau Claire, WI",TRUE,NA,TRUE,TRUE,TRUE,NA,TRUE,NA,TRUE,NA,NA,NA,NA,NA,NA,NA
Rhodes College,"Memphis, TN",NA,TRUE,NA,NA,TRUE,NA,TRUE,NA,TRUE,NA,TRUE,NA,NA,NA,NA,NA
"California State University, Chico","Chico, CA",TRUE,NA,NA,TRUE,TRUE,NA,TRUE,NA,NA,NA,NA,NA,NA,TRUE,NA,NA
Hofstra University,"Hempstead, NY",NA,NA,TRUE,NA,NA,NA,NA,NA,NA,NA,NA,NA,NA,NA,NA,NA
University of Rochester,"Rochester, NY",NA,TRUE,TRUE,TRUE,TRUE,NA,TRUE,NA,NA,NA,NA,NA,NA,NA,NA,NA
"University California, Irvine","Irvine, CA",NA,NA,TRUE,TRUE,TRUE,NA,TRUE,NA,NA,NA,NA,NA,NA,TRUE,TRUE,NA
Washington College,"Chestertown, MD",NA,NA,NA,NA,NA,NA,NA,NA,TRUE,NA,NA,NA,NA,NA,NA,NA
Illinois State University,"Normal, IL",TRUE,NA,TRUE,TRUE,TRUE,NA,TRUE,NA,NA,NA,NA,NA,NA,NA,NA,NA
University of Miami,"Coral Gables, FL",NA,TRUE,TRUE,TRUE,TRUE,NA,TRUE,NA,NA,NA,NA,NA,NA,NA,NA,NA
University of Kentucky,"Lexington, KY",TRUE,NA,TRUE,TRUE,TRUE,NA,TRUE,NA,NA,NA,NA,NA,NA,NA,NA,NA
University of Wisconsin - Oshkosh,"Oshkosh, WI",TRUE,NA,NA,TRUE,TRUE,NA,NA,NA,NA,NA,NA,NA,NA,NA,NA,NA
Oregon State University,"Corvallis, OR",TRUE,NA,TRUE,TRUE,TRUE,NA,TRUE,NA,NA,NA,NA,NA,NA,NA,NA,NA
North Dakota State University,"Fargo, ND",TRUE,NA,TRUE,NA,NA,NA,TRUE,NA,NA,NA,NA,NA,NA,NA,NA,NA
University at Albany - SUNY,"Albany, NY",TRUE,NA,TRUE,NA,NA,NA,NA,NA,NA,NA,NA,NA,NA,NA,NA,NA
Michigan Technological University,"Houghton, MI",TRUE,NA,TRUE,TRUE,TRUE,NA,NA,NA,NA,NA,NA,NA,NA,NA,NA,NA
Colby College,"Waterville, ME",NA,NA,NA,NA,NA,NA,NA,NA,TRUE,NA,NA,NA,NA,NA,NA,NA
Northern Kentucky University,"Highland Heights, KY",TRUE,NA,NA,TRUE,TRUE,NA,TRUE,TRUE,NA,NA,NA,NA,NA,NA,NA,NA
Eckerd College,"St. Petersburg, FL",NA,TRUE,NA,NA,NA,NA,TRUE,NA,TRUE,NA,NA,NA,NA,NA,NA,NA
Guilford College,"Greensboro, NC",NA,TRUE,NA,TRUE,TRUE,NA,TRUE,NA,TRUE,NA,TRUE,NA,NA,NA,NA,NA
University of North Dakota,"Grand Forks, ND",TRUE,NA,TRUE,TRUE,TRUE,NA,TRUE,NA,NA,NA,NA,NA,NA,NA,NA,NA
University of Wisconsin - Green Bay,"Green Bay, WI",TRUE,NA,TRUE,TRUE,TRUE,NA,TRUE,NA,TRUE,NA,NA,NA,NA,NA,NA,NA
Georgia College & State University,"Milledgeville, GA",TRUE,NA,NA,TRUE,TRUE,NA,TRUE,NA,TRUE,NA,NA,NA,NA,NA,NA,NA
University of Pittsburgh at Bradford,"Bradford, PA",NA,NA,NA,NA,TRUE,NA,NA,NA,NA,NA,NA,NA,NA,NA,NA,NA
University of Kansas,"Lawrence, KS",TRUE,NA,TRUE,NA,NA,NA,TRUE,NA,NA,NA,NA,NA,NA,NA,NA,NA
Baldwin Wallace University,"Berea, OH",NA,TRUE,NA,NA,NA,NA,NA,NA,NA,NA,NA,NA,NA,NA,NA,NA
Rochester Institute of Technology,"Rochester, NY",NA,TRUE,TRUE,TRUE,TRUE,NA,TRUE,NA,TRUE,TRUE,NA,NA,NA,NA,NA,NA
University of Maine at Machias,"Machias, ME",TRUE,NA,NA,NA,TRUE,NA,TRUE,NA,TRUE,NA,NA,NA,NA,NA,NA,NA
University of Wisconsin - Whitewater,"Whitewater, WI",TRUE,NA,NA,TRUE,TRUE,NA,TRUE,NA,NA,NA,NA,NA,NA,NA,NA,NA
San Francisco State University,"San Francisco, CA",TRUE,NA,NA,TRUE,TRUE,NA,TRUE,TRUE,NA,NA,NA,NA,NA,NA,TRUE,NA
Swarthmore College,"Swarrthmore, PA",NA,NA,NA,NA,NA,NA,NA,NA,TRUE,NA,NA,NA,NA,NA,NA,NA
University of Texas at Dallas,"Richardson, TX",TRUE,NA,TRUE,TRUE,TRUE,NA,TRUE,NA,NA,NA,NA,NA,NA,NA,NA,NA
Red Rocks Community College,"Lakewood, CO",NA,NA,NA,NA,NA,TRUE,NA,NA,NA,NA,NA,NA,NA,NA,NA,NA
Colgate University,"Hamilton, NY",NA,TRUE,NA,NA,TRUE,NA,TRUE,NA,TRUE,NA,NA,NA,NA,NA,NA,NA
Bard College at Simon's Rock,"Great Barrington, MA",NA,TRUE,NA,NA,TRUE,NA,TRUE,NA,TRUE,NA,NA,NA,NA,NA,NA,NA
Kent State University,"Kent, OH",TRUE,NA,TRUE,TRUE,TRUE,NA,TRUE,NA,NA,NA,NA,NA,NA,NA,NA,NA
Purdue University,"West Lafayette, IN",TRUE,NA,TRUE,TRUE,TRUE,NA,TRUE,NA,NA,NA,NA,NA,NA,NA,NA,NA
Kenyon College,"Gambier, OH",NA,TRUE,NA,NA,TRUE,NA,TRUE,NA,TRUE,NA,NA,NA,NA,NA,NA,NA
Widener University,"Chester, PA",NA,TRUE,TRUE,NA,NA,NA,TRUE,NA,NA,NA,NA,NA,NA,NA,NA,NA
College of Wooster,"Wooster, OH",NA,TRUE,NA,NA,TRUE,NA,TRUE,NA,TRUE,NA,NA,NA,NA,NA,NA,NA
University of Wisconsin - Milwaukee,"Milwaukee, WI, WI",TRUE,NA,TRUE,TRUE,TRUE,NA,NA,NA,NA,NA,NA,NA,NA,NA,NA,NA
University of Maine at Farmington,"Farmington, ME",TRUE,NA,NA,NA,TRUE,NA,TRUE,NA,TRUE,NA,NA,NA,NA,NA,NA,NA
"St. John's College, Annapolis","Annapolis, MD",NA,TRUE,NA,NA,NA,NA,TRUE,NA,TRUE,NA,NA,NA,NA,NA,NA,NA
Drexel University,"Philadelphia, PA",NA,TRUE,TRUE,TRUE,TRUE,NA,TRUE,NA,NA,NA,NA,NA,NA,NA,NA,NA
Southern Methodist University,"DALLAS, TX",NA,TRUE,TRUE,NA,NA,NA,TRUE,NA,NA,NA,TRUE,NA,NA,NA,NA,NA
Earlham College,"Richmond, IN",NA,TRUE,NA,TRUE,TRUE,NA,NA,NA,TRUE,NA,TRUE,NA,NA,NA,NA,NA
Southern Illinois University Carbondale,"Carbondale, IL",TRUE,NA,TRUE,TRUE,TRUE,NA,TRUE,NA,NA,NA,NA,NA,NA,NA,NA,NA
University of Louisville,"Louisville, KY",TRUE,NA,TRUE,TRUE,TRUE,NA,TRUE,NA,NA,NA,NA,NA,NA,NA,NA,NA
Wichita State University,"Wichita, KS",TRUE,NA,NA,NA,NA,NA,NA,NA,NA,NA,NA,NA,NA,NA,NA,NA
SUNY ROCKLAND COMMUNITY COLLEGE,"SUFFERN, NY",NA,NA,NA,NA,NA,TRUE,NA,NA,NA,NA,NA,NA,NA,NA,NA,NA
Adelphi University,"Garden City, NY",NA,TRUE,NA,NA,NA,NA,NA,NA,NA,NA,NA,NA,NA,NA,NA,NA
Hobart and William Smith Colleges,"Geneva, NY",NA,TRUE,NA,NA,TRUE,NA,TRUE,NA,TRUE,NA,NA,NA,NA,NA,NA,NA
University of Illinois Chicago,"Chicago, IL",TRUE,NA,TRUE,TRUE,TRUE,NA,TRUE,TRUE,NA,NA,NA,NA,NA,TRUE,TRUE,NA
Metropolitan State University of Denver,"Denver, CO",TRUE,NA,NA,TRUE,TRUE,NA,NA,TRUE,NA,NA,NA,NA,NA,TRUE,NA,NA
Montserrat College of Art,"Beverly, MA",NA,TRUE,NA,NA,TRUE,NA,TRUE,NA,TRUE,NA,NA,NA,NA,NA,NA,NA
Harvard College,"Cambridge, MA",NA,TRUE,NA,NA,NA,NA,TRUE,NA,TRUE,NA,NA,NA,NA,NA,NA,NA
Cleveland State University,"Cleveland, OH",TRUE,NA,TRUE,TRUE,TRUE,NA,NA,NA,NA,NA,NA,NA,NA,NA,NA,NA
University of Mount Union,"Alliance, OH",NA,TRUE,NA,TRUE,TRUE,NA,TRUE,NA,NA,NA,TRUE,NA,NA,NA,NA,NA
University of Virginia,"Charlottesville, VA",TRUE,NA,TRUE,NA,NA,NA,TRUE,NA,NA,NA,NA,NA,NA,NA,NA,NA
Gonzaga University,"Spokane, WA",NA,TRUE,NA,TRUE,TRUE,NA,TRUE,NA,NA,NA,TRUE,NA,NA,NA,NA,NA
James Madison University,"Harrisonburg, VA",TRUE,NA,TRUE,TRUE,NA,NA,NA,NA,NA,NA,NA,NA,NA,NA,NA,NA
University of the Arts,"Philadelphia, PA",NA,TRUE,NA,TRUE,NA,NA,TRUE,NA,NA,NA,NA,NA,NA,NA,NA,NA
Stevens Institute of Technology,"Hoboken, NJ",NA,TRUE,TRUE,TRUE,TRUE,NA,TRUE,NA,NA,NA,NA,NA,NA,NA,NA,NA
Towson University,"Towson, MD",TRUE,NA,TRUE,TRUE,TRUE,NA,TRUE,NA,NA,NA,NA,NA,NA,NA,NA,NA
Florida International University,"Miami, FL",NA,NA,TRUE,NA,NA,NA,NA,NA,NA,NA,NA,NA,NA,TRUE,NA,NA
Antioch College,"Yellow Springs, OH",NA,TRUE,NA,NA,TRUE,NA,TRUE,NA,TRUE,NA,NA,NA,NA,NA,NA,NA
Millersville University of Pennsylvania,"Millersville, PA",TRUE,NA,NA,TRUE,TRUE,NA,NA,NA,NA,NA,NA,NA,NA,NA,NA,NA
Mars Hill University,"Mars Hill, NC",NA,TRUE,NA,NA,NA,NA,TRUE,NA,TRUE,NA,TRUE,NA,NA,NA,NA,NA
Kean University,"Union, NJ",TRUE,NA,TRUE,TRUE,TRUE,NA,TRUE,NA,NA,NA,NA,NA,NA,TRUE,NA,NA
The University of Findlay,"Findlay, OH",NA,TRUE,NA,TRUE,TRUE,NA,TRUE,NA,TRUE,NA,NA,NA,NA,NA,NA,NA
Fort Lewis College,"Durango, CO",TRUE,NA,NA,NA,NA,NA,NA,NA,TRUE,NA,NA,NA,NA,NA,NA,TRUE
Southwestern University,"Georgetown, TX",NA,TRUE,NA,NA,TRUE,NA,TRUE,NA,TRUE,NA,TRUE,NA,NA,TRUE,NA,NA
Lebanon Valley College,"Annville, PA",NA,TRUE,NA,TRUE,TRUE,NA,TRUE,NA,TRUE,NA,TRUE,NA,NA,NA,NA,NA
University of New Hampshire-Main Campus,"Durham, NH",TRUE,NA,TRUE,TRUE,TRUE,NA,TRUE,NA,NA,NA,NA,NA,NA,NA,NA,NA
Mohawk Valley Community College,"Utica, NY",TRUE,NA,NA,NA,NA,TRUE,NA,NA,NA,NA,NA,NA,NA,NA,NA,NA
Bryant University,"Smithfield, RI",NA,TRUE,NA,TRUE,TRUE,NA,TRUE,NA,NA,NA,NA,NA,NA,NA,NA,NA
Emerson College,"Boston, MA",NA,TRUE,NA,TRUE,TRUE,NA,TRUE,NA,TRUE,NA,NA,NA,NA,NA,NA,NA
Manhattan School of Music,"New York, NY",NA,TRUE,NA,NA,NA,NA,NA,NA,NA,NA,NA,NA,NA,NA,NA,NA
Eastern Mennonite University,"Harrisonburg, VA",NA,TRUE,NA,TRUE,TRUE,NA,TRUE,TRUE,TRUE,NA,TRUE,NA,NA,NA,NA,NA
Tidewater Community College,"Norfolk, VA",NA,NA,NA,NA,NA,TRUE,NA,NA,NA,NA,NA,NA,NA,NA,NA,NA
Art Academy of Cincinnati,"Cincinnati, OH",NA,TRUE,NA,TRUE,TRUE,NA,NA,NA,NA,NA,NA,NA,NA,NA,NA,NA
Joliet Junior College,"Joliet, IL",NA,NA,NA,NA,NA,TRUE,NA,NA,NA,NA,NA,NA,NA,NA,NA,NA
University of Mary Washington,"Fredericksburg, VA",TRUE,NA,NA,NA,NA,NA,NA,NA,TRUE,NA,NA,NA,NA,NA,NA,NA
Gwynedd Mercy University,"Gwynedd Valley, PA",NA,TRUE,NA,NA,NA,NA,NA,NA,NA,NA,TRUE,NA,NA,NA,NA,NA
Colorado College,"Colorado Springs, CO",NA,TRUE,NA,NA,TRUE,NA,TRUE,NA,NA,NA,NA,NA,NA,NA,NA,NA
University of Puget Sound,"Tacoma, WA",NA,TRUE,NA,NA,NA,NA,NA,NA,TRUE,NA,NA,NA,NA,NA,NA,NA
Virginia Wesleyan University,"Virginia Beach, VA",NA,TRUE,NA,TRUE,TRUE,NA,TRUE,NA,TRUE,NA,TRUE,NA,NA,NA,NA,TRUE
Fitchburg State University,"FITCHBURG, MA",TRUE,NA,NA,TRUE,TRUE,NA,TRUE,NA,TRUE,NA,NA,TRUE,NA,NA,NA,NA
Juniata College,"Huntingdon, PA",NA,TRUE,NA,NA,TRUE,NA,TRUE,NA,TRUE,NA,TRUE,NA,NA,NA,NA,NA
University of Michigan-Ann Arbor,"Ann Arbor, MI",TRUE,NA,TRUE,TRUE,TRUE,NA,TRUE,NA,NA,NA,NA,NA,NA,NA,NA,NA
Worcester State University,"Worcester, MA",TRUE,NA,NA,TRUE,TRUE,NA,TRUE,NA,NA,NA,NA,NA,NA,NA,NA,NA
Regis College,"Weston, MA",NA,TRUE,TRUE,TRUE,TRUE,NA,TRUE,NA,NA,NA,TRUE,NA,NA,NA,NA,NA
West Chester University of Pennsylvania,"West Chester, PA",TRUE,NA,TRUE,NA,NA,NA,TRUE,NA,NA,NA,NA,NA,NA,NA,NA,NA
William Paterson University of New Jersey,"Wayne, NJ",TRUE,NA,NA,TRUE,TRUE,NA,TRUE,NA,NA,NA,NA,NA,NA,TRUE,NA,NA
Gallaudet University,"Washington, DC",NA,TRUE,TRUE,TRUE,TRUE,NA,TRUE,NA,TRUE,NA,NA,NA,NA,NA,NA,TRUE
Whitman College,"Walla Walla, WA",NA,TRUE,NA,NA,TRUE,NA,TRUE,NA,TRUE,NA,NA,NA,NA,NA,NA,NA
University of Wisconsin-Stevens Point,"Stevens Point, WI",TRUE,NA,NA,TRUE,TRUE,NA,TRUE,TRUE,TRUE,NA,NA,NA,NA,NA,NA,NA
Georgia Southern University,"Statesboro, GA",TRUE,NA,TRUE,NA,NA,NA,TRUE,NA,NA,NA,NA,NA,NA,NA,NA,NA
Susquehanna University,"Selinsgrove, PA",NA,TRUE,NA,NA,TRUE,NA,TRUE,NA,TRUE,NA,NA,NA,NA,NA,NA,NA
Dominican University of California,"San Rafael, CA",NA,TRUE,NA,TRUE,NA,NA,NA,NA,TRUE,NA,NA,NA,NA,NA,NA,NA
Texas State University,"San Marcos, TX",NA,NA,TRUE,NA,NA,NA,NA,NA,NA,NA,NA,NA,NA,TRUE,NA,NA
Skyline College,"San Bruno, CA",TRUE,NA,NA,NA,NA,TRUE,NA,TRUE,NA,NA,NA,NA,NA,TRUE,TRUE,NA
Salt Lake Community College,"Salt Lake City, UT",NA,NA,NA,NA,NA,TRUE,NA,NA,NA,NA,NA,NA,NA,NA,NA,NA
Catawba College,"Salisbury, NC",NA,TRUE,NA,NA,TRUE,NA,TRUE,NA,TRUE,NA,TRUE,NA,NA,NA,NA,NA
Nazareth College,"Rochester, NY",NA,TRUE,TRUE,TRUE,TRUE,NA,TRUE,NA,TRUE,NA,NA,NA,NA,NA,NA,NA
Rhode Island College,"Providence, RI",TRUE,NA,NA,TRUE,TRUE,NA,TRUE,NA,TRUE,NA,NA,NA,NA,TRUE,NA,TRUE
Big Sandy Community and Technical College,"Prestonsburg, KY",NA,NA,NA,NA,NA,TRUE,NA,NA,NA,TRUE,NA,NA,NA,NA,NA,NA
Dutchess Community College,"Poughkeepsie, NY",NA,NA,NA,NA,NA,TRUE,NA,NA,NA,NA,NA,NA,NA,NA,NA,NA
California State Polytechnic University-Pomona,"Pomona, CA",TRUE,NA,NA,TRUE,NA,NA,NA,TRUE,NA,NA,NA,NA,NA,TRUE,TRUE,TRUE
Diablo Valley College,"Pleasant Hill, CA",NA,NA,NA,NA,NA,TRUE,NA,NA,NA,NA,NA,NA,NA,NA,NA,NA
Point Park University,"Pittsburgh, PA",NA,TRUE,TRUE,TRUE,TRUE,NA,TRUE,TRUE,TRUE,NA,NA,NA,NA,NA,NA,NA
Bergen Community College,"Paramus, NJ",NA,NA,NA,NA,NA,TRUE,NA,NA,NA,NA,NA,NA,NA,NA,NA,NA
Miami University-Oxford,"Oxford, OH",TRUE,NA,TRUE,NA,NA,NA,TRUE,NA,NA,NA,NA,NA,NA,NA,NA,NA
Butte College,"Oroville, CA",NA,NA,NA,NA,NA,TRUE,NA,NA,NA,NA,NA,NA,NA,TRUE,NA,NA
Wheaton College,"Norton, MA",NA,TRUE,NA,NA,TRUE,NA,TRUE,NA,TRUE,NA,NA,NA,NA,NA,NA,NA
University of Oklahoma-Norman Campus,"Norman, OK",TRUE,NA,TRUE,TRUE,TRUE,NA,TRUE,NA,TRUE,NA,NA,NA,NA,NA,NA,NA
Norco College,"Norco, CA",NA,NA,NA,NA,NA,TRUE,NA,NA,NA,NA,NA,NA,NA,NA,NA,NA
Milwaukee Institute of Art & Design,"Milwaukee, WI",NA,TRUE,NA,NA,TRUE,NA,TRUE,NA,NA,NA,NA,NA,NA,NA,NA,NA
Allegheny College,"Meadville, PA",NA,TRUE,NA,NA,TRUE,NA,TRUE,NA,TRUE,NA,NA,NA,NA,NA,NA,NA
Ramapo College of New Jersey,"Mahwah, NJ",TRUE,NA,NA,TRUE,TRUE,NA,TRUE,NA,TRUE,NA,NA,NA,NA,TRUE,NA,NA
Drew University,"Madison, NJ",NA,TRUE,NA,NA,NA,NA,NA,NA,TRUE,NA,NA,NA,NA,NA,NA,NA
Dakota State University,"Madison, SD",TRUE,NA,TRUE,TRUE,TRUE,NA,TRUE,NA,NA,NA,NA,NA,NA,NA,NA,NA
Randolph College,"Lynchburg, VA",NA,NA,NA,NA,NA,NA,NA,NA,TRUE,NA,NA,NA,NA,NA,NA,NA
Otis College of Art and Design,"Los Angeles, CA",NA,TRUE,NA,NA,NA,NA,TRUE,NA,NA,NA,NA,NA,NA,NA,TRUE,NA
Dickinson College,"Carlisle, PA",NA,TRUE,NA,NA,TRUE,NA,TRUE,NA,TRUE,NA,NA,NA,NA,NA,NA,NA
University of Northern Colorado,"Greeley, CO",TRUE,NA,TRUE,TRUE,TRUE,NA,TRUE,NA,NA,NA,NA,NA,NA,NA,NA,NA
University of North Carolina at Charlotte,"Charlotte, NC",TRUE,NA,TRUE,TRUE,TRUE,NA,TRUE,NA,NA,NA,NA,NA,NA,NA,NA,NA
University of Nebraska at Kearney,"Kearney, NE",TRUE,NA,TRUE,TRUE,TRUE,NA,TRUE,NA,NA,NA,NA,NA,NA,NA,NA,NA
California State University-Bakersfield,"Bakersfield, CA",TRUE,NA,NA,TRUE,TRUE,NA,TRUE,TRUE,NA,NA,NA,NA,NA,TRUE,NA,NA
Suffolk University,"Boston, MA",NA,TRUE,TRUE,TRUE,TRUE,NA,TRUE,TRUE,NA,NA,NA,NA,NA,NA,NA,NA
Wayne State University,"Detroit, MI",TRUE,NA,TRUE,TRUE,TRUE,NA,TRUE,TRUE,NA,NA,NA,NA,NA,NA,NA,NA
Western Colorado University,"Gunnison, CO",TRUE,NA,NA,TRUE,TRUE,NA,TRUE,NA,TRUE,NA,NA,NA,NA,NA,NA,NA
Wentworth Institute of Technology,"Boston, MA",NA,TRUE,NA,TRUE,TRUE,NA,TRUE,NA,NA,TRUE,NA,NA,NA,NA,NA,NA
Sacred Heart University,"Fairfield, CT",NA,TRUE,TRUE,TRUE,TRUE,NA,TRUE,NA,NA,NA,TRUE,NA,NA,NA,NA,NA
Henry Ford Community College,"Dearborn, MI",NA,NA,NA,NA,NA,TRUE,NA,TRUE,TRUE,TRUE,NA,NA,NA,NA,NA,NA
Xavier University,"Cincinnati, OH",NA,TRUE,TRUE,TRUE,TRUE,NA,TRUE,NA,NA,NA,TRUE,NA,NA,NA,NA,NA
Haverford College,"Haverford, PA",NA,TRUE,NA,NA,NA,NA,TRUE,NA,TRUE,NA,NA,NA,NA,NA,NA,NA
The College of Idaho,"Caldwell, ID",NA,NA,NA,NA,NA,NA,NA,NA,TRUE,NA,NA,NA,NA,NA,NA,NA
University of Central Arkansas,"Conway, AR",TRUE,NA,TRUE,TRUE,TRUE,NA,TRUE,NA,NA,NA,NA,NA,NA,NA,NA,NA
Camden County College,"Blackwood, NJ",NA,NA,NA,NA,NA,TRUE,NA,TRUE,NA,NA,NA,NA,NA,NA,NA,NA
Western Kentucky University,"Bowling Green, KY",TRUE,NA,TRUE,NA,NA,NA,TRUE,NA,NA,NA,NA,NA,NA,NA,NA,NA
University of Pittsburgh-Main Campus,"Pittsburgh, PA",NA,NA,TRUE,NA,NA,NA,NA,NA,NA,NA,NA,NA,NA,NA,NA,NA
Binghamton University SUNY,"Binghamton, NY",NA,NA,TRUE,NA,NA,NA,NA,NA,NA,NA,NA,NA,NA,NA,NA,NA
Stockton University,"Galloway, NJ",TRUE,NA,TRUE,TRUE,TRUE,NA,TRUE,TRUE,TRUE,NA,NA,NA,NA,NA,NA,NA
Kutztown University,"Kutztown, PA",TRUE,NA,TRUE,TRUE,TRUE,NA,TRUE,NA,TRUE,NA,NA,NA,NA,NA,NA,NA
East Carolina University,"Greenville, NC",TRUE,NA,TRUE,NA,NA,NA,TRUE,NA,NA,NA,NA,NA,NA,NA,NA,NA
Southern New Hampshire University,"Manchester, NH",NA,TRUE,NA,NA,TRUE,NA,TRUE,NA,NA,NA,NA,NA,NA,NA,NA,NA
Cuyahoga Community College Metro Campus,"Cleveland, OH",NA,NA,NA,NA,NA,TRUE,NA,TRUE,NA,NA,NA,NA,NA,NA,NA,NA
Cuyahoga Community College Western Campus,"Parma, OH",NA,NA,NA,NA,NA,TRUE,NA,TRUE,NA,NA,NA,NA,NA,NA,NA,NA
Cuyahoga Community College Eastern Campus,"Highland Hills, OH",NA,NA,NA,NA,NA,TRUE,NA,TRUE,NA,NA,NA,NA,NA,NA,NA,NA
Cuyahoga Community College Westshore Campus,"Westlake, OH",NA,NA,NA,NA,NA,TRUE,NA,TRUE,NA,NA,NA,NA,NA,NA,NA,NA
Ferris State University,"Big Rapids, MI",TRUE,NA,NA,TRUE,NA,NA,TRUE,NA,NA,NA,NA,NA,NA,NA,NA,NA
University of Toledo,"Toledo, OH",TRUE,NA,TRUE,TRUE,TRUE,NA,NA,NA,NA,NA,NA,NA,NA,NA,NA,NA
Bates College,"Lewiston, ME",NA,NA,NA,NA,TRUE,NA,TRUE,NA,TRUE,NA,NA,NA,NA,NA,NA,NA
Missouri Science & Technology,"Rolla, MO",TRUE,NA,TRUE,TRUE,TRUE,NA,TRUE,TRUE,NA,TRUE,NA,NA,NA,NA,NA,NA
Forsyth Technical Community College,"Winston-Salem, NC",NA,NA,NA,NA,NA,TRUE,NA,NA,NA,NA,NA,NA,NA,NA,NA,NA
Woodbury University,"Burbank, CA",NA,TRUE,NA,TRUE,TRUE,NA,TRUE,NA,TRUE,TRUE,NA,NA,NA,TRUE,NA,NA
University of Texas Arlington,"Arlington, TX",TRUE,NA,TRUE,TRUE,TRUE,NA,TRUE,NA,NA,NA,NA,TRUE,NA,TRUE,TRUE,NA
University of Arkansas at Little Rock,"Little Rock, AR",TRUE,NA,TRUE,TRUE,TRUE,NA,TRUE,TRUE,TRUE,NA,NA,NA,NA,NA,NA,NA
Linfield University,"McMinnville, OR",NA,TRUE,NA,NA,NA,NA,TRUE,NA,TRUE,NA,NA,NA,NA,NA,NA,NA
Bluegrass Community & Technical College (BCTC),"Lexington, KY",NA,NA,NA,NA,NA,TRUE,NA,NA,NA,NA,NA,NA,NA,NA,NA,NA
Hartwick College,"Oneonta, NY",NA,TRUE,NA,NA,TRUE,NA,TRUE,NA,TRUE,NA,NA,NA,NA,NA,NA,NA
